0,0,1685,921,1751,956,285144.4,OTHER
0,0,243,2620,260,2648,tax,OTHER
114,117,1035,253,1156,305,2018,OTHER
138,140,1171,254,1276,306,W-2,OTHER
152,154,1287,255,1389,307,and,OTHER
170,177,1401,255,1691,307,EARNINGS,OTHER
202,208,1709,253,1995,306,SUMMARY,OTHER
266,268,2225,245,2311,291,ADP,OTHER
288,295,222,317,319,344,Employee,OTHER
308,316,393,313,497,346,Reference,OTHER
322,325,592,316,643,342,Copy,OTHER
377,379,964,314,1006,344,his,OTHER
381,384,1011,314,1070,343,blue,OTHER
386,393,1075,314,1197,343,Earnings,OTHER
395,401,1201,314,1329,342,Summary,OTHER
403,409,1334,314,1430,342,section,OTHER
411,412,1435,314,1459,342,is,OTHER
414,421,1464,314,1578,342,included,OTHER
423,426,1583,314,1638,342,with,OTHER
428,431,1643,314,1704,342,your,OTHER
433,435,1709,314,1766,342,W-2,OTHER
437,438,1772,314,1799,342,to,OTHER
440,443,1805,314,1864,343,help,OTHER
445,452,1875,313,1984,344,describe,OTHER
454,461,1990,313,2097,344,portions,OTHER
463,464,2103,313,2128,345,in,OTHER
466,469,2134,312,2206,346,more,OTHER
471,477,2215,312,2288,346,detail.,OTHER
509,512,329,351,386,376,Wage,OTHER
514,516,428,346,465,370,and,OTHER
518,520,507,345,545,371,Tax,OTHER
585,586,965,344,1000,371,he,OTHER
588,594,1005,344,1108,371,reverse,OTHER
596,599,1115,343,1169,370,side,OTHER
601,608,1176,343,1289,370,includes,OTHER
610,616,1294,343,1394,370,general,OTHER
618,628,1398,343,1547,370,information,OTHER
630,633,1553,343,1607,370,that,OTHER
635,637,1612,343,1660,370,you,OTHER
639,641,1666,343,1727,370,may,OTHER
643,646,1731,343,1787,370,also,OTHER
648,651,1793,343,1843,370,find,OTHER
653,660,1848,343,1946,370,helpful.,OTHER
665,667,113,381,168,417,N-2,OTHER
692,700,324,371,404,396,Statement,OTHER
710,713,582,386,665,417,2018,taxYear
716,719,100,432,135,458,Copy,OTHER
721,721,138,432,147,455,C,OTHER
723,725,150,431,172,455,for,OTHER
727,736,175,431,250,455,employee's,OTHER
738,745,252,432,321,460,records.,OTHER
772,776,307,448,360,488,Dept.,OTHER
794,796,564,422,596,448,OMB,OTHER
798,800,599,422,626,447,No.,OTHER
802,810,631,422,709,448,1545-0008,OTHER
860,861,1025,425,1048,455,1.,OTHER
863,865,1052,425,1096,455,The,OTHER
867,875,1100,425,1212,455,following,OTHER
877,887,1216,424,1353,455,information,OTHER
889,896,1357,424,1448,454,reflects,OTHER
898,901,1452,424,1507,455,your,OTHER
903,907,1512,424,1565,455,final,OTHER
909,912,1569,424,1625,455,2018,OTHER
914,916,1629,424,1675,455,pay,OTHER
918,921,1679,424,1733,455,stub,OTHER
923,926,1737,424,1791,455,plus,OTHER
928,930,1795,424,1839,455,any,OTHER
932,942,1843,424,1990,456,adjustments,OTHER
944,952,1994,424,2113,456,submitted,OTHER
954,955,2118,425,2148,456,by,OTHER
957,960,2152,425,2210,457,your,OTHER
962,970,2214,425,2337,458,employer.,OTHER
972,972,97,455,116,479,d,OTHER
974,980,128,452,185,479,Control,OTHER
982,987,186,444,257,476,number,OTHER
1024,1031,614,450,678,479,Emplover,OTHER
1033,1035,683,450,709,479,use,OTHER
1037,1040,715,452,752,484,only,OTHER
1042,1043,758,458,781,488,36,OTHER
1045,1051,97,473,174,500,1124183,OTHER
1092,1092,561,465,583,496,A,OTHER
1165,1169,1102,472,1144,499,Gross,OTHER
1171,1173,1148,468,1180,497,Pay,OTHER
1180,1187,1262,468,1331,493,285144.4,OTHER
1210,1217,1638,467,1707,494,19162.96,OTHER
1226,1228,1836,473,1858,498,CA.,OTHER
1230,1234,1863,474,1899,499,State,OTHER
1236,1241,1903,473,1958,499,Income,OTHER
1243,1245,1963,472,1985,498,Tax,OTHER
1248,1254,2075,467,2135,496,$730.55,OTHER
1406,1408,1458,488,1480,515,Tax,OTHER
1410,1417,1483,485,1560,515,Withheld,OTHER
1425,1433,140,518,214,551,mployer's,OTHER
1435,1439,217,515,267,546,"name,",OTHER
1441,1448,269,512,335,543,"address,",OTHER
1569,1571,1458,509,1482,537,Box,OTHER
1573,1573,1485,509,1496,536,4,OTHER
1575,1576,1498,509,1513,535,of,OTHER
1578,1580,1516,509,1555,536,W-2,OTHER
1601,1605,1835,511,1876,535,Local,OTHER
1607,1612,1879,512,1936,537,Income,OTHER
1614,1615,1938,513,1954,537,Ta,OTHER
1621,1628,2070,509,2139,540,32380.84,OTHER
1637,1646,152,536,292,564,Lee-Wright,employerName
1656,1658,295,537,343,562,PLC,employerName
1659,1661,337,510,367,540,and,OTHER
1663,1665,369,509,395,539,ZIP,OTHER
1667,1670,397,507,438,538,code,OTHER
1812,1814,1837,532,1864,560,Box,OTHER
1816,1817,1868,532,1887,560,19,OTHER
1819,1820,1890,532,1903,560,of,OTHER
1822,1823,1906,533,1926,560,W-,OTHER
1825,1825,1929,534,1940,561,2,OTHER
1835,1839,154,567,226,600,80985,employerAddressStreet_name
1841,1846,231,567,318,596,Gordon,employerAddressStreet_name
1848,1852,323,568,396,599,Plain,employerAddressStreet_name
1948,1951,1102,568,1132,595,Fed.,OTHER
1953,1958,1136,568,1198,594,Income,OTHER
1960,1967,1256,566,1324,590,62743.48,OTHER
1976,1983,1453,567,1520,595,Medicare,OTHER
1985,1987,1524,566,1550,593,Tax,OTHER
1995,2001,1668,566,1722,592,5257.83,OTHER
2011,2019,155,592,281,624,Scottland,employerAddressCity
2021,2022,285,589,317,621,IN,employerAddressState
2024,2033,363,588,498,618,27092-8311,employerAddressZip
2123,2125,1100,592,1129,619,Tax,OTHER
2127,2134,1131,591,1198,618,Withheld,OTHER
2153,2160,1454,592,1530,618,Withheld,OTHER
2284,2286,1106,615,1129,642,Box,OTHER
2288,2288,1134,617,1142,644,2,OTHER
2290,2291,1146,618,1160,645,of,OTHER
2293,2295,1164,618,1194,644,W-2,OTHER
2311,2313,1453,612,1483,642,Box,OTHER
2315,2315,1486,616,1496,642,6,OTHER
2317,2318,1498,616,1513,643,of,OTHER
2320,2320,1516,616,1528,643,W,OTHER
2322,2322,1531,615,1535,643,-,OTHER
2324,2324,1538,613,1558,642,2,OTHER
2345,2347,1843,614,1865,640,Box,OTHER
2349,2350,1869,613,1887,639,14,OTHER
2352,2353,1890,614,1903,642,of,OTHER
2355,2356,1907,616,1929,645,W-,OTHER
2395,2399,406,682,478,712,Batch,OTHER
2428,2433,589,678,673,710,#02021,OTHER
2435,2437,97,728,128,754,eif,OTHER
2439,2447,132,729,215,755,Employees,OTHER
2449,2453,219,729,265,755,name.,OTHER
2455,2461,268,728,329,755,address,OTHER
2463,2465,333,728,361,755,and,OTHER
2467,2469,365,728,389,755,ZIP,OTHER
2471,2474,393,727,437,754,code,OTHER
2589,2590,1023,753,1049,781,2.,OTHER
2592,2595,1054,753,1112,782,Your,OTHER
2597,2601,1118,753,1187,782,Gross,OTHER
2603,2605,1192,754,1236,783,Pay,OTHER
2607,2609,1241,754,1291,783,was,OTHER
2611,2618,1296,754,1398,783,adjusted,OTHER
2620,2621,1403,754,1431,783,as,OTHER
2623,2629,1435,753,1522,783,follows,OTHER
2631,2632,1526,753,1553,783,to,OTHER
2634,2640,1557,753,1658,783,produce,OTHER
2642,2645,1662,752,1717,783,your,OTHER
2647,2649,1721,752,1771,782,W-2,OTHER
2651,2660,1775,751,1897,782,Statement.,OTHER
2670,2676,155,783,251,816,Stanley,employeeName
2678,2683,295,785,381,816,Robles,employeeName
2693,2695,154,812,198,843,744,OTHER
2697,2702,202,811,291,842,Andrew,OTHER
2704,2709,295,811,382,840,Shoals,OTHER
2711,2715,386,812,461,838,Suite,OTHER
2717,2719,465,813,508,837,599,OTHER
2837,2842,1333,817,1389,844,"Wages,",OTHER
2844,2848,1394,816,1430,844,"Tips,",OTHER
2850,2853,1434,813,1464,842,othe,OTHER
2862,2867,1583,814,1625,845,Social,OTHER
2869,2873,1631,813,1675,843,Secur,OTHER
2876,2881,1680,813,1730,841,Medica,OTHER
2895,2897,1839,812,1856,844,CA.,OTHER
2899,2903,1862,812,1897,843,State,OTHER
2905,2909,1903,809,1948,842,Wages,OTHER
2911,2911,1954,809,1960,839,",",OTHER
2913,2919,1992,811,2048,842,Barbara,OTHER
2921,2926,2053,810,2102,841,Ridges,OTHER
2936,2946,153,839,302,870,Garnermouth,OTHER
2948,2949,309,838,342,870,OH,OTHER
2951,2959,389,837,509,868,39747-071,OTHER
3081,3092,1336,841,1432,869,Compensation,OTHER
3247,3249,1335,857,1362,887,Box,OTHER
3251,3251,1368,858,1376,888,1,OTHER
3253,3254,1381,859,1393,888,of,OTHER
3256,3256,1399,859,1408,888,W,OTHER
3258,3258,1414,859,1414,888,-,OTHER
3260,3260,1420,859,1437,888,2,OTHER
3272,3276,1583,841,1643,871,Wages,OTHER
3277,3281,1679,829,1742,860,wages,OTHER
3304,3306,1836,856,1865,886,BOX,OTHER
3308,3309,1868,856,1888,886,16,OTHER
3311,3312,1625,860,1640,892,of,OTHER
3314,3314,1644,860,1655,892,W,OTHER
3316,3316,1659,860,1662,892,-,OTHER
3318,3318,1666,860,1674,892,2,OTHER
3320,3324,1991,841,2031,869,Local,OTHER
3326,3331,2035,839,2092,869,"Wages,",OTHER
3509,3511,1580,861,1608,893,Box,OTHER
3513,3513,1612,860,1621,893,3,OTHER
3515,3516,1726,859,1738,891,of,OTHER
3518,3518,1743,859,1753,890,W,OTHER
3520,3520,1758,859,1760,890,-,OTHER
3522,3522,1764,859,1779,890,2,OTHER
3524,3526,1679,860,1706,891,Box,OTHER
3528,3528,1711,859,1721,891,5,OTHER
3530,3531,1891,857,1903,888,of,OTHER
3533,3533,1906,858,1919,890,W,OTHER
3535,3535,1921,860,1926,891,-,OTHER
3537,3537,1929,861,1942,892,2,OTHER
3562,3564,1994,872,2021,903,Box,OTHER
3566,3567,2025,875,2042,905,18,OTHER
3569,3570,2046,876,2060,905,of,OTHER
3572,3573,2065,876,2087,905,W2,OTHER
3578,3587,135,905,217,931,Employer's,OTHER
3589,3591,220,905,253,932,FED,OTHER
3593,3594,256,905,272,932,ID,OTHER
3596,3601,275,905,335,932,number,OTHER
3616,3616,406,905,425,935,a,OTHER
3618,3627,436,903,522,933,Employee's,OTHER
3629,3631,525,903,557,932,SSA,OTHER
3633,3638,561,905,633,938,number,OTHER
3646,3655,151,922,257,950,01-0464391,einEmployerIdentificationNumber
3700,3710,561,922,665,950,335-88-9022,ssnOfEmployee
3760,3765,1071,926,1139,962,TGross,OTHER
3767,3769,1144,926,1173,952,Pay,OTHER
3794,3796,1373,924,1394,953,285,OTHER
3798,3803,1400,923,1453,952,144.36,OTHER
3816,3820,1584,924,1630,952,3E+05,OTHER
3822,3828,1997,922,2056,945,285144.,OTHER
3829,3829,108,1326,122,1348,4,OTHER
3850,3856,1842,924,1901,949,285144.,OTHER
3871,3871,601,1028,618,1058,2,box4SocialSecurityTaxWithheld
3872,3872,405,1145,425,1175,8,OTHER
3873,3873,107,2502,123,2526,5,OTHER
3874,3874,99,1677,119,1707,1,OTHER
3875,3875,411,1378,416,1412,4,OTHER
3876,3876,405,1715,428,1755,4,OTHER
3877,3877,609,976,616,1004,.,box2FederalIncomeTaxWithheld
3923,3929,433,957,489,991,Federal,OTHER
3931,3936,492,958,548,992,income,OTHER
3938,3940,549,960,575,993,tax,OTHER
4056,4058,1580,949,1630,980,MAS,OTHER
4111,4114,1992,936,2037,966,1043,OTHER
4121,4126,151,979,207,1006,203237,box1WagesTipsAndOtherCompensations
4128,4130,209,972,249,1003,.92,box1WagesTipsAndOtherCompensations
4175,4179,561,975,607,1004,52743,box2FederalIncomeTaxWithheld
4181,4181,209,1107,215,1135,.,OTHER
4183,4184,618,976,648,1004,48,box2FederalIncomeTaxWithheld
4229,4232,1022,966,1057,993,Less,OTHER
4234,4236,1061,965,1082,991,401,OTHER
4238,4240,1087,964,1106,990,(k),OTHER
4242,4247,1111,962,1160,989,(D-Box,OTHER
4249,4250,1165,961,1184,987,2),OTHER
4268,4270,1334,964,1371,994,903,OTHER
4326,4333,1836,969,1899,1001,32743.48,OTHER
4347,4354,1991,973,2059,1003,62743.48,OTHER
4470,4477,1022,1000,1089,1026,Reported,OTHER
4479,4481,1094,999,1122,1026,W-2,OTHER
4483,4487,1126,994,1181,1024,Wages,OTHER
4508,4516,1336,991,1410,1024,203237.92,OTHER
4532,4537,1581,991,1626,1024,203237,OTHER
4539,4541,1631,992,1668,1024,.92,OTHER
4543,4551,1681,990,1751,1024,203237.92,OTHER
4589,4595,2000,991,2058,1020,03237.9,OTHER
4598,4598,99,1021,119,1051,3,OTHER
4600,4605,134,1024,179,1054,Social,OTHER
4607,4614,182,1024,242,1054,security,OTHER
4616,4620,245,1019,296,1051,wages,OTHER
4640,4645,435,1017,481,1049,Social,OTHER
4647,4654,484,1019,542,1052,security,OTHER
4656,4658,544,1023,569,1054,tax,box4SocialSecurityTaxWithheld
4660,4662,571,1025,599,1056,w16,box4SocialSecurityTaxWithheld
4664,4664,1180,1674,1203,1708,2,OTHER
4666,4667,620,1030,640,1059,95,box4SocialSecurityTaxWithheld
4675,4682,139,1090,199,1121,medicare,OTHER
4715,4722,433,1088,502,1115,Medicare,OTHER
4724,4726,505,1088,528,1113,tax,OTHER
4728,4735,531,1089,605,1115,withheld,OTHER
4783,4784,1023,1085,1046,1115,3.,OTHER
4786,4793,1051,1085,1169,1116,Employee,OTHER
4795,4797,1175,1085,1221,1116,W-4,OTHER
4799,4806,1227,1085,1313,1116,Profile.,OTHER
4808,4809,1319,1085,1349,1116,To,OTHER
4811,4816,1354,1085,1439,1116,change,OTHER
4818,4821,1444,1085,1501,1116,your,OTHER
4823,4830,1506,1085,1625,1117,Employee,OTHER
4832,4834,1629,1086,1675,1117,W-4,OTHER
4836,4842,1679,1086,1759,1117,Profile,OTHER
4844,4855,1763,1086,1907,1117,"Information,",OTHER
4857,4860,1910,1086,1951,1117,file,OTHER
4862,4862,1954,1086,1971,1117,a,OTHER
4864,4866,1974,1086,2025,1117,new,OTHER
4868,4870,2030,1086,2077,1118,W-4,OTHER
4872,4875,2080,1086,2135,1118,with,OTHER
4877,4880,2137,1086,2193,1118,your,OTHER
4882,4888,2195,1086,2285,1118,payroll,OTHER
4890,4894,2287,1086,2359,1118,dept.,OTHER
4903,4908,152,1107,206,1136,181304,OTHER
4910,4914,203,1088,252,1115,wages,OTHER
4933,4933,620,1166,625,1192,.,OTHER
4935,4936,217,1107,249,1135,64,OTHER
4938,4940,256,1088,284,1112,and,OTHER
4942,4945,288,1087,328,1111,tips,OTHER
4978,4984,564,1106,625,1132,5257.83,OTHER
4991,4996,137,1148,180,1175,Social,OTHER
5028,5028,406,2056,428,2089,8,OTHER
5030,5038,437,1144,504,1176,Allocated,OTHER
5040,5043,245,1150,272,1174,tips,OTHER
5050,5055,151,1165,207,1195,250496,OTHER
5057,5059,209,1162,249,1195,.25,OTHER
5060,5063,507,1146,547,1180,tips,OTHER
5077,5084,182,1150,243,1175,security,OTHER
5146,5151,561,1166,616,1193,181304,OTHER
5153,5153,380,1421,399,1453,.,OTHER
5155,5156,629,1165,649,1192,64,OTHER
5209,5215,1104,1170,1208,1200,Stanley,OTHER
5217,5222,1261,1168,1347,1195,Robles,OTHER
5296,5301,1838,1151,1877,1180,Social,OTHER
5303,5310,1882,1151,1936,1178,Security,OTHER
5312,5314,1940,1152,1969,1177,Num,OTHER
5316,5317,1973,1153,1991,1177,be,OTHER
5331,5337,2072,1160,2141,1192,MARRIED,OTHER
5342,5353,132,1209,216,1236,Verification,OTHER
5355,5358,220,1208,259,1234,Code,OTHER
5382,5382,412,1206,432,1233,0,OTHER
5384,5392,439,1206,520,1234,Dependent,OTHER
5394,5397,523,1207,555,1234,care,OTHER
5399,5406,559,1207,619,1234,benefits,OTHER
5463,5465,1108,1209,1153,1239,744,OTHER
5467,5472,1159,1208,1253,1239,Andrew,OTHER
5474,5479,1263,1208,1357,1239,Shoals,OTHER
5481,5485,1365,1208,1441,1238,Suite,OTHER
5487,5489,1451,1208,1490,1237,599,OTHER
5548,5554,1834,1201,1906,1229,FEDERAL,OTHER
5556,5556,1908,1199,1927,1227,:,OTHER
5681,5689,1105,1249,1238,1277,Scottland,OTHER
5691,5692,1250,1248,1280,1273,IN,OTHER
5694,5701,1335,1249,1449,1276,27092-83,OTHER
5767,5771,1833,1233,1897,1267,LOCAL,OTHER
5776,5787,136,1265,231,1287,Nonqualified,OTHER
5816,5818,409,1263,436,1290,12a,OTHER
5820,5822,440,1264,467,1291,See,OTHER
5824,5835,471,1263,558,1291,instructions,OTHER
5837,5839,562,1263,584,1290,for,OTHER
5841,5843,588,1262,617,1289,box,OTHER
5845,5846,620,1261,637,1288,12,OTHER
5854,5856,153,1278,188,1303,178,OTHER
5858,5862,233,1265,275,1287,plans,OTHER
5868,5872,143,1325,187,1349,Other,OTHER
5927,5931,553,1313,598,1337,-1045,OTHER
5974,5975,413,1350,440,1378,20,OTHER
5995,5997,563,1344,599,1368,984,OTHER
6041,6044,422,1379,442,1414,stat,OTHER
6046,6049,448,1381,477,1417,amp.,OTHER
6051,6054,483,1383,503,1418,Fist,OTHER
6056,6059,509,1384,549,1418,plan,OTHER
6061,6063,561,1383,576,1417,ard,OTHER
6065,6069,580,1381,609,1416,party,OTHER
6071,6074,613,1379,633,1413,sick,OTHER
6076,6078,637,1375,663,1410,pay,OTHER
6081,6082,100,1430,120,1450,15,OTHER
6084,6088,138,1430,180,1453,State,OTHER
6097,6106,229,1425,305,1458,Emblovers',OTHER
6108,6112,309,1423,341,1455,state,OTHER
6114,6115,344,1423,358,1453,ID,OTHER
6117,6118,362,1422,376,1453,no,OTHER
6120,6120,533,1422,538,1454,.,OTHER
6122,6123,406,1421,433,1452,16,OTHER
6125,6129,445,1421,483,1453,State,OTHER
6131,6135,486,1421,529,1454,wades,OTHER
6137,6137,621,1497,625,1525,.,OTHER
6139,6143,541,1422,575,1456,"tips,",OTHER
6145,6148,579,1424,620,1458,etc.,OTHER
6154,6158,142,1485,177,1513,State,OTHER
6160,6165,182,1485,238,1513,income,OTHER
6167,6169,242,1483,269,1511,tax,OTHER
6193,6194,410,1480,435,1512,18,OTHER
6196,6200,444,1482,484,1514,Local,OTHER
6202,6207,488,1485,539,1518,wanes.,OTHER
6209,6216,543,1489,617,1524,UP181357,OTHER
6218,6218,182,1679,187,1706,.,OTHER
6220,6221,629,1498,649,1528,14,OTHER
6229,6239,139,1544,239,1576,Localincome,OTHER
6241,6243,242,1542,263,1574,tax,OTHER
6269,6276,444,1541,501,1573,Locality,OTHER
6278,6281,506,1545,556,1578,name,OTHER
6283,6289,563,1549,634,1584,Barbara,OTHER
6291,6296,638,1556,697,1589,Ridges,OTHER
6411,6414,1039,1557,1072,1588,2018,OTHER
6416,6419,1077,1556,1111,1586,"ADP,",OTHER
6421,6423,1117,1556,1157,1586,LLC,OTHER
6428,6428,865,1676,890,1708,1,OTHER
6430,6434,134,1678,177,1706,Wades,OTHER
6436,6436,219,1678,224,1705,.,OTHER
6438,6441,192,1678,214,1705,tips,OTHER
6443,6443,313,1672,323,1701,.,OTHER
6445,6449,229,1676,267,1704,other,OTHER
6451,6454,272,1673,308,1703,comp,OTHER
6456,6456,950,1677,953,1706,.,OTHER
6470,6476,433,1674,489,1706,Federal,OTHER
6478,6483,493,1675,548,1706,income,OTHER
6485,6487,552,1676,574,1707,tax,OTHER
6489,6496,578,1677,639,1708,withheld,OTHER
6520,6520,107,2176,125,2203,1,OTHER
6522,6526,901,1677,945,1707,Wages,OTHER
6528,6528,987,1677,989,1705,.,OTHER
6530,6533,959,1677,981,1705,tips,OTHER
6535,6535,1080,1672,1085,1702,.,OTHER
6537,6541,995,1675,1034,1704,other,OTHER
6543,6546,1040,1673,1074,1703,comp,OTHER
6548,6548,1893,1670,1901,1702,.,OTHER
6558,6558,906,2779,913,2806,2,OTHER
6560,6566,1208,1675,1262,1708,Federal,OTHER
6568,6573,1267,1675,1319,1707,income,OTHER
6575,6577,1324,1675,1347,1706,tax,OTHER
6579,6586,1353,1674,1417,1706,withheld,OTHER
6620,6624,1714,1674,1759,1707,Wages,OTHER
6626,6626,1764,1677,1769,1707,",",OTHER
6628,6631,1774,1677,1796,1707,tips,OTHER
6633,6633,1801,1677,1805,1707,",",OTHER
6635,6639,1811,1676,1848,1707,other,OTHER
6641,6644,1853,1672,1888,1705,comp,OTHER
6646,6646,210,1774,215,1803,.,OTHER
6658,6664,2022,1675,2075,1706,Federal,OTHER
6666,6671,2080,1675,2133,1706,income,OTHER
6673,6675,2139,1675,2161,1706,tax,OTHER
6677,6684,2166,1675,2225,1706,withheld,OTHER
6691,6696,133,1723,180,1746,Social,OTHER
6698,6705,182,1723,243,1746,security,OTHER
6730,6735,436,1715,478,1754,Social,OTHER
6737,6744,485,1715,541,1752,security,OTHER
6746,6748,547,1715,567,1748,tax,OTHER
6750,6757,573,1713,646,1746,withheld,OTHER
6782,6787,903,1718,946,1748,Social,OTHER
6789,6796,951,1718,1009,1746,security,OTHER
6798,6799,1013,1719,1035,1746,wa,OTHER
6819,6824,1209,1716,1254,1755,social,OTHER
6826,6833,1259,1715,1314,1753,security,OTHER
6835,6837,1319,1714,1340,1749,tax,OTHER
6839,6846,1346,1711,1410,1746,withheld,OTHER
6882,6887,1717,1720,1759,1750,Social,OTHER
6889,6896,1764,1720,1823,1746,security,OTHER
6898,6900,1826,1720,1861,1744,wag,OTHER
6917,6922,2022,1716,2067,1750,Social,OTHER
6924,6931,2071,1716,2129,1749,security,OTHER
6933,6935,2133,1715,2155,1747,tax,OTHER
6937,6944,2159,1713,2222,1745,withheld,OTHER
6952,6957,152,1738,208,1763,250496,OTHER
6963,6965,210,1737,247,1763,.25,OTHER
6966,6970,245,1723,292,1746,wages,OTHER
7005,7010,562,1737,617,1769,19162.,OTHER
7012,7013,618,1737,638,1767,95,OTHER
7014,7015,610,1772,643,1807,83,OTHER
7060,7067,434,1758,499,1797,Medicare,OTHER
7069,7071,507,1759,525,1796,tax,OTHER
7073,7081,533,1761,603,1801,"withheld,",OTHER
7118,7126,944,1747,1037,1773,250496-25,OTHER
7163,7168,1334,1737,1389,1774,19152.,OTHER
7175,7176,1393,1733,1412,1767,95,OTHER
7214,7222,1758,1747,1851,1773,250496-25,OTHER
7265,7270,2147,1738,2202,1771,19162.,OTHER
7272,7273,2204,1738,2221,1768,96,OTHER
7375,7381,916,1772,967,1800,edicare,OTHER
7383,7387,972,1769,1020,1800,wanes,OTHER
7389,7391,256,1765,283,1799,and,OTHER
7393,7396,287,1759,327,1796,tips,OTHER
7406,7406,1179,1757,1201,1798,6,OTHER
7409,7416,1208,1758,1273,1797,Medicare,OTHER
7418,7420,1280,1760,1300,1796,tax,OTHER
7425,7432,1307,1761,1388,1798,withheld,OTHER
7508,7515,2020,1761,2085,1797,Medicare,OTHER
7517,7517,1866,1768,1875,1797,t,OTHER
7518,7518,758,1814,773,1846,a,OTHER
7521,7528,2119,1759,2199,1794,withheld,OTHER
7535,7540,152,1775,206,1806,181304,OTHER
7542,7542,1212,1811,1225,1842,.,OTHER
7544,7547,219,1770,252,1802,ghes,OTHER
7549,7551,1024,1767,1050,1798,and,OTHER
7553,7556,1054,1762,1088,1796,tips,OTHER
7727,7734,1759,1773,1833,1802,181304-&,OTHER
7736,7738,1836,1770,1864,1800,and,OTHER
7744,7750,129,1813,184,1841,Control,OTHER
7752,7757,187,1811,246,1838,number,OTHER
7759,7763,306,1810,361,1846,Dept.,OTHER
7765,7769,405,1807,445,1838,Corp.,OTHER
7813,7820,616,1809,678,1840,Employer,OTHER
7822,7824,683,1809,707,1840,use,OTHER
7826,7829,712,1810,754,1844,only,OTHER
7831,7831,405,2000,425,2032,a,OTHER
7865,7868,1099,1815,1146,1845,Dept,OTHER
7870,7873,1181,1813,1207,1845,Corp,OTHER
7875,7875,619,2075,624,2101,.,OTHER
7898,7905,1388,1808,1452,1838,Employer,OTHER
7907,7909,1457,1808,1482,1838,use,OTHER
7911,7914,1486,1807,1530,1837,only,OTHER
7935,7941,898,1813,952,1844,Control,OTHER
7943,7948,955,1805,1025,1837,number,OTHER
7963,7967,1912,1814,1964,1842,Dept.,OTHER
7997,8004,2201,1807,2266,1839,Employer,OTHER
8006,8008,2270,1811,2295,1842,use,OTHER
8010,8013,2299,1814,2338,1846,only,OTHER
8015,8016,2343,1819,2370,1850,36,OTHER
8019,8020,99,1837,130,1869,12,OTHER
8022,8031,135,1841,216,1876,Employer's,OTHER
8033,8036,220,1847,258,1878,name,OTHER
8038,8038,261,1848,265,1878,",",OTHER
8040,8046,269,1848,326,1879,address,OTHER
8048,8048,330,1848,334,1878,",",OTHER
8050,8052,337,1847,366,1878,and,OTHER
8054,8056,370,1845,395,1877,ZIP,OTHER
8058,8061,398,1842,438,1876,code,OTHER
8112,8118,1711,1810,1765,1845,Control,OTHER
8120,8123,987,1847,1025,1879,name,OTHER
8218,8227,902,1841,982,1877,Employer's,OTHER
8231,8236,1769,1804,1835,1835,number,OTHER
8349,8349,1029,1848,1034,1879,",",OTHER
8351,8357,1038,1848,1094,1879,address,OTHER
8359,8359,1097,1848,1103,1879,",",OTHER
8361,8363,1106,1847,1135,1879,and,OTHER
8365,8367,1138,1846,1164,1878,ZIP,OTHER
8369,8372,1167,1843,1212,1877,code,OTHER
8429,8442,1683,1833,1798,1873,1124doglover's,OTHER
8445,8449,1801,1845,1846,1876,"name,",OTHER
8451,8458,1849,1848,1916,1877,"address,",OTHER
8460,8462,1919,1850,1947,1877,and,OTHER
8464,8466,1949,1849,1975,1877,ZIP,OTHER
8468,8471,1978,1848,2018,1876,code,OTHER
8480,8489,154,1875,290,1906,Lee-Wright,OTHER
8491,8493,295,1876,342,1906,PLC,OTHER
8574,8583,945,1870,1085,1906,Lee-Wright,OTHER
8585,8587,1089,1875,1137,1906,PLC,OTHER
8671,8680,1758,1872,1898,1903,Lee-Wright,OTHER
8682,8684,1903,1871,1952,1903,PLC,OTHER
8693,8697,153,1901,227,1933,80985,OTHER
8699,8704,231,1902,316,1937,Gordon,OTHER
8706,8710,321,1906,395,1943,Plain,OTHER
8791,8795,949,1904,1019,1936,30985,OTHER
8797,8802,1023,1903,1108,1939,Gordon,OTHER
8804,8808,1114,1907,1186,1949,Plain,OTHER
8887,8891,1760,1905,1831,1934,80985,OTHER
8893,8898,1838,1905,1921,1935,Gordon,OTHER
8900,8904,1929,1907,1999,1939,Plain,OTHER
8920,8924,205,1932,279,1968,tland,OTHER
8926,8927,283,1931,320,1965,IN,OTHER
8929,8938,360,1929,491,1962,27092-8311,OTHER
9010,9018,947,1933,1071,1966,scottland,OTHER
9020,9021,1077,1933,1109,1966,IN,OTHER
9023,9032,1153,1929,1285,1962,27092-8311,OTHER
9107,9115,1759,1934,1885,1963,Scottland,OTHER
9117,9118,1891,1934,1924,1963,IN,OTHER
9120,9124,1966,1931,2028,1963,27092,OTHER
9126,9126,2032,1934,2042,1963,-,OTHER
9128,9131,2046,1933,2102,1963,8311,OTHER
9138,9147,134,1996,215,2025,Employer's,OTHER
9149,9151,220,1998,252,2027,FED,OTHER
9153,9154,256,1998,271,2027,ID,OTHER
9156,9161,274,1998,329,2029,number,OTHER
9175,9175,1178,1997,1203,2031,a,OTHER
9177,9186,435,1997,521,2031,Employee's,OTHER
9188,9190,526,1997,555,2030,SSA,OTHER
9192,9197,560,1998,613,2031,number,OTHER
9231,9240,903,2000,983,2028,Employer's,OTHER
9242,9244,987,2001,1020,2028,FED,OTHER
9246,9247,1023,2001,1040,2028,ID,OTHER
9249,9254,1043,2001,1107,2030,number,OTHER
9266,9266,1991,1998,2012,2030,a,OTHER
9268,9275,1209,1997,1275,2031,Employee,OTHER
9277,9278,1280,1997,1293,2030,'s,OTHER
9280,9282,1298,1997,1329,2030,SSA,OTHER
9284,9289,1334,1997,1392,2030,number,OTHER
9328,9337,1716,1997,1798,2027,Employer's,OTHER
9339,9341,1802,1999,1833,2027,FED,OTHER
9343,9344,1837,1999,1853,2027,ID,OTHER
9346,9351,1857,1999,1926,2028,number,OTHER
9366,9375,2021,1998,2108,2031,Employee's,OTHER
9377,9379,2112,1997,2144,2031,SSA,OTHER
9381,9386,2148,1995,2213,2030,number,OTHER
9394,9403,150,2019,257,2045,01-0464391,OTHER
9586,9595,1756,2019,1862,2045,01-0464391,OTHER
9603,9608,136,2065,178,2094,Social,OTHER
9610,9617,181,2066,242,2094,security,OTHER
9619,9621,245,2066,266,2093,tip,OTHER
9639,9639,1180,2054,1202,2088,8,OTHER
9641,9649,436,2056,503,2088,Allocated,OTHER
9651,9654,507,2057,550,2089,tips,OTHER
9694,9699,902,2061,946,2091,Social,OTHER
9701,9708,950,2062,1009,2094,security,OTHER
9710,9713,1011,2065,1039,2096,tips,OTHER
9731,9731,413,2553,437,2585,8,OTHER
9733,9741,1211,2055,1275,2088,Allocated,OTHER
9743,9746,1281,2057,1325,2088,tips,OTHER
9791,9796,1715,2059,1759,2090,Social,OTHER
9798,9805,1763,2063,1821,2093,security,OTHER
9807,9810,1824,2066,1849,2094,tips,OTHER
9829,9837,2023,2056,2090,2088,Allocated,OTHER
9839,9842,2094,2057,2136,2088,tips,OTHER
9904,9909,561,2075,616,2103,181304,OTHER
9911,9911,2206,2076,2213,2101,.,OTHER
9913,9914,628,2074,651,2101,64,OTHER
9995,10000,2148,2077,2204,2102,181304,OTHER
10002,10002,1393,2078,1399,2104,.,OTHER
10004,10005,1402,2076,1424,2103,64,OTHER
10095,10100,1335,2078,1390,2106,181304,OTHER
10102,10102,2087,2293,2090,2330,.,OTHER
10104,10105,2215,2074,2233,2100,64,OTHER
10110,10121,132,2116,216,2146,Verification,OTHER
10123,10126,220,2115,265,2146,Code,OTHER
10149,10150,409,2117,432,2149,10,OTHER
10152,10160,438,2118,518,2149,Dependent,OTHER
10162,10165,524,2118,554,2147,care,OTHER
10167,10174,559,2117,612,2145,benefits,OTHER
10203,10214,900,2117,984,2148,Verification,OTHER
10216,10219,988,2116,1027,2148,Code,OTHER
10240,10241,1179,2114,1208,2147,10,OTHER
10243,10251,1213,2116,1294,2148,Dependent,OTHER
10253,10256,1298,2118,1329,2148,care,OTHER
10258,10264,1334,2118,1386,2147,benefit,OTHER
10301,10312,1715,2117,1798,2147,Verification,OTHER
10314,10317,1802,2118,1835,2146,Code,OTHER
10338,10339,1992,2115,2020,2146,10,OTHER
10341,10349,2025,2116,2107,2147,Dependent,OTHER
10351,10354,2111,2117,2142,2147,care,OTHER
10356,10362,2146,2116,2197,2146,benefit,OTHER
10515,10517,1337,2132,1376,2164,154,OTHER
10613,10615,2148,2131,2191,2163,154,OTHER
10619,10619,2127,2228,2143,2266,1,OTHER
10621,10632,137,2178,231,2205,Nonqualified,OTHER
10634,10638,234,2177,282,2205,plans,OTHER
10660,10661,414,2176,435,2206,za,OTHER
10663,10665,440,2176,465,2206,See,OTHER
10667,10678,471,2176,558,2206,instructions,OTHER
10680,10682,563,2176,582,2205,for,OTHER
10684,10686,588,2175,615,2205,box,OTHER
10688,10689,620,2175,639,2204,12,OTHER
10714,10725,904,2175,998,2205,Nonqualified,OTHER
10727,10731,1002,2175,1050,2205,plans,OTHER
10751,10753,1179,2176,1207,2207,12a,OTHER
10755,10757,1212,2176,1239,2207,See,OTHER
10759,10770,1244,2176,1331,2207,instructions,OTHER
10772,10774,1335,2176,1357,2206,for,OTHER
10776,10778,1361,2175,1391,2205,box,OTHER
10780,10781,1395,2174,1415,2204,12,OTHER
10810,10821,1717,2176,1811,2206,Nonqualified,OTHER
10823,10827,1816,2176,1868,2206,plans,OTHER
10850,10851,2001,2178,2021,2207,2a,OTHER
10853,10855,2025,2177,2051,2207,See,OTHER
10857,10868,2055,2175,2146,2206,instructions,OTHER
10870,10872,2149,2175,2170,2206,for,OTHER
10874,10876,2173,2175,2203,2207,box,OTHER
10878,10879,2206,2175,2227,2207,12,OTHER
10885,10887,143,2228,172,2250,oth,OTHER
10945,10947,559,2222,607,2261,303,OTHER
10974,10975,868,2233,891,2259,14,OTHER
10977,10980,910,2232,942,2256,Othe,OTHER
11018,11019,1220,2215,1252,2246,EE,OTHER
11033,11036,1316,2223,1379,2261,1903,OTHER
11074,11076,1724,2233,1753,2252,Oth,OTHER
11135,11137,2146,2222,2190,2264,903,OTHER
11272,11273,1211,2298,1214,2338,It,OTHER
11275,11277,1221,2298,1248,2338,emp,OTHER
11279,11282,482,2300,503,2336,Ret.,OTHER
11284,11287,509,2297,552,2335,Plan,OTHER
11289,11291,561,2296,577,2333,ard,OTHER
11293,11297,584,2293,611,2331,party,OTHER
11299,11302,1390,2290,1412,2331,sick,OTHER
11304,11306,644,2288,675,2327,pay,OTHER
11371,11372,1992,2285,2002,2322,13,OTHER
11374,11377,2009,2287,2028,2325,stat,OTHER
11379,11381,2035,2290,2061,2328,emp,OTHER
11383,11385,2068,2292,2083,2329,Ret,OTHER
11387,11387,2120,2500,2125,2532,.,OTHER
11389,11392,1281,2296,1326,2338,Plan,OTHER
11394,11396,1333,2294,1350,2336,ard,OTHER
11398,11402,1357,2292,1384,2334,party,OTHER
11404,11407,2204,2293,2224,2328,sick,OTHER
11409,11411,1419,2287,1444,2328,pay,OTHER
11450,11454,437,2301,476,2337,"""emp.",OTHER
11456,11459,1255,2298,1274,2338,Ret.,OTHER
11461,11464,2094,2294,2140,2330,Plan,OTHER
11466,11468,2147,2295,2162,2330,ard,OTHER
11470,11474,2168,2294,2198,2330,party,OTHER
11476,11479,617,2291,639,2329,Sick,OTHER
11481,11483,2230,2291,2257,2326,pay,OTHER
11485,11487,99,2334,127,2362,eff,OTHER
11489,11497,132,2336,216,2366,Employees,OTHER
11499,11503,219,2337,264,2366,name.,OTHER
11505,11511,268,2335,329,2366,address,OTHER
11513,11515,333,2334,361,2365,and,OTHER
11517,11519,364,2332,389,2364,ZIP,OTHER
11521,11524,393,2327,439,2362,code,OTHER
11578,11580,866,2335,896,2364,eff,OTHER
11582,11590,901,2336,982,2366,Employees,OTHER
11592,11596,986,2337,1032,2366,"name,",OTHER
11598,11604,1036,2335,1096,2365,address,OTHER
11606,11608,1100,2334,1129,2364,and,OTHER
11610,11612,1132,2332,1159,2362,ZIP,OTHER
11614,11617,1162,2329,1208,2361,code,OTHER
11675,11677,1679,2336,1710,2365,eif,OTHER
11679,11687,1714,2337,1797,2366,Employees,OTHER
11689,11693,1800,2337,1846,2366,name.,OTHER
11695,11701,1850,2335,1911,2366,address,OTHER
11703,11705,1914,2334,1942,2364,and,OTHER
11707,11709,1945,2333,1971,2363,ZIP,OTHER
11711,11714,1975,2330,2015,2361,code,OTHER
11722,11728,155,2381,250,2410,Stanley,OTHER
11730,11735,296,2382,382,2410,Robles,OTHER
11819,11825,949,2380,1044,2410,stanley,OTHER
11827,11832,1089,2382,1176,2410,Robles,OTHER
11916,11922,1761,2383,1857,2411,Stanley,OTHER
11924,11929,1900,2383,1989,2411,Robles,OTHER
11937,11939,156,2406,198,2437,744,OTHER
11941,11946,204,2405,290,2435,Andrew,OTHER
11948,11953,297,2405,383,2433,Shoals,OTHER
11955,11959,389,2405,460,2433,Suite,OTHER
11961,11963,468,2406,505,2434,599,OTHER
12034,12036,950,2406,992,2435,744,OTHER
12038,12043,997,2406,1083,2434,Andrew,OTHER
12045,12050,1090,2406,1176,2434,Shoals,OTHER
12052,12056,1181,2407,1254,2435,Suite,OTHER
12058,12060,1260,2408,1305,2437,599,OTHER
12131,12133,1761,2407,1805,2435,744,OTHER
12135,12140,1809,2406,1896,2435,Andrew,OTHER
12142,12147,1903,2406,1989,2435,Shoals,OTHER
12149,12153,1994,2406,2065,2435,Suite,OTHER
12155,12157,2074,2406,2119,2434,599,OTHER
12165,12175,154,2433,303,2464,Garnermouth,OTHER
12177,12178,308,2435,343,2463,OH,OTHER
12180,12184,388,2431,449,2461,39747,OTHER
12186,12186,453,2433,462,2462,-,OTHER
12188,12191,466,2433,522,2462,0716,OTHER
12261,12271,946,2433,1095,2463,Garnermouth,OTHER
12273,12274,1102,2431,1135,2462,OH,OTHER
12276,12280,1182,2430,1242,2461,39747,OTHER
12282,12286,1247,2433,1309,2462,-0716,OTHER
12358,12368,1760,2433,1908,2462,Garnermouth,OTHER
12370,12371,1915,2432,1948,2462,OH,OTHER
12373,12382,1995,2429,2118,2461,39747-0716,OTHER
12388,12392,137,2501,183,2531,State,OTHER
12394,12402,237,2501,304,2534,mplovers',OTHER
12404,12408,309,2499,340,2530,state,OTHER
12410,12411,345,2498,359,2529,ID,OTHER
12413,12415,364,2497,399,2528,no.,OTHER
12417,12418,407,2497,431,2528,16,OTHER
12420,12424,446,2497,483,2529,State,OTHER
12426,12431,487,2498,538,2531,wages.,OTHER
12433,12437,542,2501,575,2534,tips.,OTHER
12439,12442,580,2504,625,2538,etc.,OTHER
12444,12445,629,2510,652,2541,83,OTHER
12477,12478,868,2500,890,2526,15,OTHER
12480,12484,906,2503,952,2534,State,OTHER
12497,12506,1021,2499,1098,2533,Emplovers',OTHER
12508,12512,1102,2497,1132,2529,state,OTHER
12514,12515,1137,2497,1150,2528,ID,OTHER
12517,12518,1155,2497,1175,2528,no,OTHER
12520,12521,1180,2497,1208,2528,16,OTHER
12523,12527,1219,2497,1255,2529,State,OTHER
12529,12533,1259,2499,1311,2532,wanes,OTHER
12535,12538,1315,2502,1355,2535,tips,OTHER
12540,12540,1366,2506,1371,2536,6,OTHER
12542,12542,1375,2507,1396,2538,7,OTHER
12544,12545,1402,2510,1423,2541,83,OTHER
12574,12575,1680,2501,1705,2527,15,OTHER
12577,12581,1718,2502,1766,2536,State,OTHER
12593,12602,1835,2498,1909,2534,Emplovers',OTHER
12604,12608,1915,2496,1945,2530,slate,OTHER
12610,12611,1951,2496,1963,2529,10,OTHER
12613,12614,1969,2496,1987,2529,no,OTHER
12616,12617,1992,2496,2021,2529,16,OTHER
12619,12623,2030,2496,2067,2530,State,OTHER
12625,12629,2072,2497,2115,2532,wades,OTHER
12631,12631,2156,2503,2160,2534,.,OTHER
12633,12636,2130,2501,2150,2534,tips,OTHER
12638,12638,1310,2559,1312,2590,.,OTHER
12640,12641,2166,2504,2182,2536,#6,OTHER
12643,12643,2187,2506,2208,2538,7,OTHER
12645,12646,2215,2510,2232,2540,83,OTHER
12650,12650,108,2556,122,2580,7,OTHER
12652,12656,143,2558,180,2583,State,OTHER
12658,12663,182,2558,240,2584,income,OTHER
12665,12667,2090,1760,2114,1795,tax,OTHER
12694,12698,442,2555,484,2587,Local,OTHER
12700,12705,487,2557,540,2590,wanes.,OTHER
12707,12711,543,2561,577,2593,tips:,OTHER
12713,12719,580,2565,652,2600,1957.14,OTHER
12781,12782,1178,2553,1211,2587,18,OTHER
12784,12788,1215,2553,1257,2587,Local,OTHER
12790,12794,1262,2555,1305,2589,wanes,OTHER
12796,12796,2123,2557,2126,2588,.,OTHER
12798,12801,1316,2559,1349,2593,tips,OTHER
12803,12804,1354,2563,1380,2596,15,OTHER
12806,12806,1384,2567,1391,2597,7,OTHER
12808,12810,1395,2568,1421,2601,.14,OTHER
12839,12840,1682,2554,1705,2580,17,OTHER
12842,12846,1724,2557,1762,2583,State,OTHER
12848,12853,1764,2559,1819,2585,income,OTHER
12855,12856,1821,2560,1840,2585,ta,OTHER
12883,12884,1993,2554,2020,2586,18,OTHER
12886,12890,2029,2554,2068,2587,Local,OTHER
12892,12896,2073,2555,2118,2588,wanes,OTHER
12898,12898,2159,2559,2164,2590,.,OTHER
12900,12903,2131,2557,2154,2590,tips,OTHER
12905,12905,1394,2775,1399,2804,.,OTHER
12907,12909,2169,2560,2192,2592,etc,OTHER
12911,12911,2197,2563,2220,2594,",",OTHER
13015,13018,943,2570,983,2595,5730,OTHER
13020,13022,985,2570,1023,2597,-55,OTHER
13025,13026,100,2616,126,2643,19,OTHER
13028,13036,152,2622,238,2651,o2380come,OTHER
13043,13043,142,2614,157,2641,L,OTHER
13052,13054,241,2557,268,2583,tax,OTHER
13081,13082,409,2615,431,2642,20,OTHER
13084,13091,444,2615,503,2644,Locality,OTHER
13093,13096,505,2616,558,2646,name,OTHER
13141,13145,946,2626,991,2651,32380,OTHER
13147,13147,994,2626,1001,2651,-,OTHER
13149,13150,1004,2626,1026,2652,84,OTHER
13171,13172,1178,2612,1207,2641,20,OTHER
13174,13181,1216,2614,1276,2644,Locality,OTHER
13183,13186,1279,2616,1332,2646,name,OTHER
13229,13230,1682,2615,1707,2644,19,OTHER
13232,13236,1723,2619,1763,2648,Local,OTHER
13238,13245,1766,2622,1844,2651,incomeat,OTHER
13274,13274,2001,2612,2022,2641,0,OTHER
13276,13283,2029,2614,2089,2646,Locality,OTHER
13285,13288,2091,2619,2144,2651,name,OTHER
13290,13296,2146,2624,2219,2658,Barbara,OTHER
13298,13303,635,2636,692,2664,Ridges,OTHER
13360,13366,561,2630,634,2659,Barbara,OTHER
13368,13373,1410,2635,1467,2665,Ridges,OTHER
13452,13458,1333,2631,1408,2660,Barbara,OTHER
13460,13465,2222,2633,2282,2665,Ridges,OTHER
13486,13492,229,2677,315,2706,Federal,OTHER
13512,13517,416,2681,468,2706,Filing,OTHER
13534,13537,592,2678,643,2701,Copy,OTHER
13581,13588,1016,2675,1112,2709,CA.State,OTHER
13602,13607,1189,2684,1238,2706,Filing,OTHER
13620,13623,1368,2675,1416,2701,Copy,OTHER
13676,13679,1811,2675,1850,2705,City,OTHER
13681,13682,1855,2675,1875,2705,or,OTHER
13684,13688,1879,2675,1947,2713,Local,OTHER
13690,13695,2002,2679,2055,2708,Filing,OTHER
13715,13718,2179,2677,2229,2700,Copy,OTHER
13752,13755,325,2706,388,2734,Wage,OTHER
13757,13759,426,2702,468,2725,and,OTHER
13761,13763,505,2706,539,2728,Tax,OTHER
13852,13854,1197,2700,1239,2729,and,OTHER
13856,13858,1277,2702,1310,2727,Tax,OTHER
13939,13942,1921,2705,1984,2734,Wage,OTHER
13944,13946,2011,2702,2052,2733,and,OTHER
13948,13950,2090,2702,2127,2726,Tax,OTHER
13984,13992,319,2730,417,2756,Statement,OTHER
14016,14019,581,2742,668,2774,2018,OTHER
14045,14047,106,2742,174,2771,W-2,OTHER
14103,14106,1359,2740,1443,2772,2018,OTHER
14144,14146,1686,2741,1754,2773,W-2,OTHER
14170,14178,1911,2729,2010,2753,Statement,OTHER
14198,14201,2166,2742,2253,2774,2018,OTHER
14205,14207,875,2744,943,2771,W-2,OTHER
14210,14213,99,2779,132,2806,Copy,OTHER
14215,14215,137,2780,146,2807,B,OTHER
14217,14218,151,2780,164,2807,to,OTHER
14220,14221,169,2780,185,2807,be,OTHER
14223,14227,190,2780,217,2807,filed,OTHER
14229,14232,222,2781,250,2807,with,OTHER
14234,14243,255,2781,330,2807,employee's,OTHER
14245,14251,335,2781,385,2806,Federal,OTHER
14253,14258,390,2781,442,2805,Income,OTHER
14260,14262,446,2780,468,2804,Tax,OTHER
14264,14269,473,2780,520,2804,Return,OTHER
14271,14273,561,2778,596,2809,OME,OTHER
14275,14277,599,2777,626,2806,No.,OTHER
14279,14287,629,2777,711,2808,1545-0008,OTHER
14302,14305,867,2779,902,2807,Copy,OTHER
14307,14307,1719,2778,1726,2805,2,OTHER
14309,14310,918,2778,930,2805,to,OTHER
14312,14313,935,2778,952,2806,be,OTHER
14315,14319,957,2779,985,2807,filed,OTHER
14321,14321,990,2780,998,2808,w,OTHER
14326,14330,1062,2780,1097,2807,yee's,OTHER
14332,14336,1100,2780,1135,2806,State,OTHER
14338,14343,1139,2779,1192,2806,Income,OTHER
14345,14347,1196,2779,1220,2805,Tax,OTHER
14349,14354,1224,2779,1269,2804,Return,OTHER
14357,14359,1334,2777,1369,2808,OMB,OTHER
14361,14362,1373,2776,1389,2805,No,OTHER
14366,14374,1403,2775,1473,2807,1545-0008,OTHER
14399,14402,1680,2777,1714,2805,Copy,OTHER
14406,14407,1732,2778,1742,2806,to,OTHER
14409,14410,1748,2778,1764,2806,be,OTHER
14412,14416,1769,2779,1798,2807,filed,OTHER
14418,14421,1803,2780,1832,2808,with,OTHER
14434,14435,1987,2782,1998,2804,al,OTHER
14437,14442,2001,2781,2055,2806,Income,OTHER
14444,14446,2057,2781,2083,2807,Tax,OTHER
14448,14453,2085,2780,2138,2807,Return,OTHER
14455,14457,2147,2779,2183,2807,OMB,OTHER
14459,14461,2185,2779,2213,2807,No.,OTHER
14463,14471,2215,2777,2296,2807,1545-0008,OTHER
