33,33,215,4,225,18,a,OTHER
35,44,234,4,309,18,Employee's,OTHER
46,51,311,4,350,18,social,OTHER
53,60,352,4,402,18,security,OTHER
62,67,404,4,456,18,number,OTHER
113,117,782,3,820,18,"Safe,",OTHER
119,127,822,3,897,19,"Accurate,",OTHER
129,130,908,15,945,38,me,OTHER
137,140,975,13,1021,39,file,OTHER
142,146,1048,4,1079,20,Visit,OTHER
158,160,1081,4,1104,20,the,OTHER
162,164,1106,4,1133,20,IRS,OTHER
166,172,1137,4,1197,20,Website,OTHER
221,231,313,25,465,46,784-01-5990,ssnOfEmployee
260,262,611,27,642,42,OMB,OTHER
264,266,644,27,668,42,No.,OTHER
268,276,670,27,728,41,1545-0008,OTHER
287,291,780,25,831,42,FAST!,OTHER
293,295,834,26,865,42,Use,OTHER
325,326,1048,30,1061,44,at,OTHER
328,334,1064,30,1120,44,www.irs,OTHER
336,344,1122,29,1182,45,govefile.,OTHER
346,346,10,54,21,70,b,OTHER
348,355,28,55,83,70,Employer,OTHER
357,370,86,56,160,70,identification,OTHER
372,377,163,55,207,70,number,OTHER
379,383,210,55,241,70,(EIN),OTHER
446,451,703,56,750,70,"Wages,",OTHER
453,457,752,56,780,69,"tips,",OTHER
459,463,783,56,812,69,other,OTHER
465,476,815,56,898,69,compensation,OTHER
485,485,972,55,981,69,2,OTHER
487,493,993,56,1038,69,Federal,OTHER
495,500,1041,56,1085,68,income,OTHER
502,504,1087,57,1106,68,tax,OTHER
506,513,1109,56,1157,68,withheld,OTHER
524,533,66,79,205,97,03-3401120,einEmployerIdentificationNumber
620,625,725,79,809,97,160427,box1WagesTipsAndOtherCompensations
627,629,812,79,849,98,.52,box1WagesTipsAndOtherCompensations
656,660,986,79,1054,96,35711,box2FederalIncomeTaxWithheld
662,662,1058,79,1067,96,.,box2FederalIncomeTaxWithheld
664,665,1070,79,1094,96,58,box2FederalIncomeTaxWithheld
667,667,12,107,22,122,c,OTHER
669,678,28,107,93,122,Employer's,OTHER
680,684,96,108,133,122,"name,",OTHER
686,693,136,107,188,122,"address,",OTHER
695,697,191,107,213,122,and,OTHER
699,701,216,107,236,122,ZIP,OTHER
703,706,238,106,266,122,code,OTHER
764,764,681,105,691,119,3,OTHER
766,771,705,107,742,121,Social,OTHER
773,780,744,108,791,122,security,OTHER
782,786,793,109,834,123,wages,OTHER
806,806,971,106,981,120,4,OTHER
808,813,995,107,1032,121,Social,OTHER
815,822,1035,108,1081,121,security,OTHER
824,826,1084,108,1104,121,tax,OTHER
828,835,1106,107,1155,121,withheld,OTHER
846,849,64,133,120,152,Beck,employerName
851,853,138,133,176,153,Inc,employerName
855,859,191,133,259,155,Group,employerName
943,949,726,131,820,151,121661.,box3SocialSecurityWages
951,952,824,130,849,151,33,box3SocialSecurityWages
978,981,985,131,1041,151,9307,box4SocialSecurityTaxWithheld
983,983,1044,131,1052,151,.,box4SocialSecurityTaxWithheld
985,986,1055,131,1079,150,09,box4SocialSecurityTaxWithheld
997,999,66,165,107,186,689,employerAddressStreet_name
1001,1003,122,166,162,187,Lee,employerAddressStreet_name
1005,1009,176,165,249,187,Mount,employerAddressStreet_name
1011,1014,261,165,320,187,Apt.,employerAddressStreet_name
1016,1018,334,164,372,186,112,employerAddressStreet_name
1085,1085,681,156,691,172,5,OTHER
1087,1094,703,157,758,172,Medicare,OTHER
1096,1100,761,159,800,173,wages,OTHER
1102,1104,803,159,824,173,and,OTHER
1106,1109,827,159,848,173,tips,OTHER
1127,1127,971,157,981,172,6,OTHER
1129,1136,993,158,1048,172,Medicare,OTHER
1138,1140,1051,158,1070,172,tax,OTHER
1142,1149,1073,157,1122,172,withheld,OTHER
1257,1264,725,182,834,202,117120.3,OTHER
1303,1307,1050,183,1118,202,3396.,OTHER
1309,1310,1121,182,1146,202,49,OTHER
1320,1332,63,199,248,221,Murphychester,employerAddressCity
1334,1335,274,198,303,221,DE,employerAddressState
1337,1346,345,199,485,219,03290-8615,employerAddressZip
1409,1409,680,207,691,222,7,OTHER
1410,1415,705,209,742,223,Social,OTHER
1417,1424,745,210,791,223,security,OTHER
1426,1429,794,210,814,224,tips,OTHER
1451,1451,971,209,981,223,3,OTHER
1453,1461,994,209,1049,223,Allocated,OTHER
1463,1466,1051,210,1070,223,tips,OTHER
1574,1580,726,233,820,252,121661.,OTHER
1582,1583,823,232,848,252,33,OTHER
1620,1627,1050,232,1159,253,117120.3,OTHER
1629,1629,12,261,21,274,d,OTHER
1631,1637,28,261,70,274,Control,OTHER
1639,1644,72,261,119,274,number,OTHER
1726,1726,681,259,690,274,9,OTHER
1728,1739,703,260,770,274,Verification,OTHER
1741,1744,773,261,802,274,Code,OTHER
1766,1767,965,260,979,273,10,OTHER
1769,1777,994,260,1058,274,Dependent,OTHER
1779,1782,1060,261,1087,274,care,OTHER
1784,1791,1089,261,1134,274,benefits,OTHER
1802,1808,66,284,161,303,1610775,OTHER
1945,1947,1051,283,1089,302,288,OTHER
1949,1949,11,311,21,326,e,OTHER
1951,1960,28,311,96,326,Employee's,OTHER
1962,1966,98,311,121,326,first,OTHER
1968,1971,124,311,158,326,name,OTHER
1973,1975,161,312,182,326,and,OTHER
1977,1983,184,312,216,326,initial,OTHER
1985,1988,279,311,305,325,Last,OTHER
1990,1993,307,311,341,326,name,OTHER
2039,2043,635,309,665,325,Suff.,OTHER
2045,2046,674,310,692,325,11,OTHER
2048,2059,703,310,776,325,Nonqualified,OTHER
2061,2065,779,311,809,325,plans,OTHER
2086,2088,967,312,985,326,12a,OTHER
2090,2092,1008,311,1033,324,See,OTHER
2094,2105,1036,311,1110,324,instructions,OTHER
2107,2109,1112,311,1130,324,for,OTHER
2111,2113,1133,310,1158,324,box,OTHER
2115,2116,1163,310,1177,324,12,OTHER
2127,2132,64,359,160,384,Wesley,employeeName
2134,2141,209,360,335,383,Peterson,employeeName
2224,2226,725,342,765,362,268,OTHER
2263,2264,1008,344,1020,359,T.,OTHER
2266,2269,1050,344,1104,363,5746,OTHER
2367,2368,675,371,689,384,13,OTHER
2370,2378,692,371,736,385,Statutory,OTHER
2380,2389,782,372,831,383,Retirement,OTHER
2391,2401,867,372,919,385,Third-party,OTHER
2409,2411,966,369,987,382,12b,OTHER
2422,2425,65,405,130,428,1452,OTHER
2427,2433,148,405,258,428,Jessica,OTHER
2435,2441,275,406,386,428,Terrace,OTHER
2512,2519,693,389,738,399,employee,OTHER
2521,2524,778,390,799,399,plan,OTHER
2539,2542,867,389,887,399,sick,OTHER
2544,2546,888,389,905,400,pay,OTHER
2649,2649,700,410,708,424,X,OTHER
2675,2675,874,412,883,425,X,OTHER
2693,2693,1009,408,1018,423,Z,OTHER
2695,2697,1051,406,1089,425,882,OTHER
2708,2718,66,445,240,469,Stevensberg,OTHER
2720,2721,274,445,305,468,FL,OTHER
2723,2732,323,444,481,468,95831-9858,OTHER
2795,2796,675,437,688,447,14,OTHER
2798,2802,707,437,735,449,Other,OTHER
2836,2838,967,436,988,449,12c,OTHER
2983,2984,999,468,1024,485,DD,OTHER
2986,2988,1051,467,1087,486,160,OTHER
3127,3129,966,494,987,507,12d,OTHER
3268,3268,962,511,974,526,C,OTHER
3270,3270,1009,529,1019,546,Z,OTHER
3272,3274,1051,527,1088,547,917,OTHER
3276,3277,6,576,23,591,15,OTHER
3278,3278,10,559,21,575,f,OTHER
3280,3289,28,560,97,575,Employee's,OTHER
3291,3297,100,560,147,575,address,OTHER
3299,3301,150,560,172,575,and,OTHER
3303,3305,175,560,194,575,ZIP,OTHER
3307,3310,198,560,228,575,code,OTHER
3317,3321,29,576,59,591,State,OTHER
3323,3332,87,577,152,592,Employer's,OTHER
3336,3340,155,577,185,592,state,OTHER
3342,3343,187,578,200,592,ID,OTHER
3345,3350,203,578,248,592,number,OTHER
3360,3361,348,574,365,591,16,OTHER
3363,3367,369,576,401,591,State,OTHER
3369,3374,404,577,446,592,"wages,",OTHER
3376,3380,449,578,476,592,"tips,",OTHER
3382,3385,479,578,499,592,etc.,OTHER
3389,3390,540,575,558,591,17,OTHER
3392,3396,562,576,592,592,State,OTHER
3398,3403,595,578,639,592,income,OTHER
3405,3407,642,577,663,591,tax,OTHER
3409,3410,726,575,743,591,18,OTHER
3412,3416,747,576,779,591,Local,OTHER
3418,3423,782,577,824,592,"wages,",OTHER
3425,3429,827,578,854,592,"tips,",OTHER
3431,3434,857,577,877,592,etc.,OTHER
3442,3443,929,576,945,590,19,OTHER
3445,3449,949,577,982,591,Local,OTHER
3451,3456,984,578,1028,591,income,OTHER
3458,3460,1031,578,1051,591,tax,OTHER
3468,3469,1114,576,1130,591,20,OTHER
3471,3478,1136,577,1182,591,Locality,OTHER
3480,3483,1184,578,1215,591,name,OTHER
3488,3489,18,601,46,618,VT,OTHER
3506,3515,133,601,269,620,673-53-857,OTHER
3533,3537,349,601,416,620,73891,box16StateWagesTips
3539,3539,419,601,428,619,.,box16StateWagesTips
3541,3542,432,601,458,620,82,box16StateWagesTips
3562,3565,541,601,594,620,6448,box17StateIncomeTax
3567,3567,598,602,606,620,.,box17StateIncomeTax
3569,3570,609,602,635,620,04,box17StateIncomeTax
3582,3588,725,601,822,620,158896.,OTHER
3590,3591,825,600,847,620,71,OTHER
3615,3619,929,601,996,620,30517,OTHER
3621,3621,1000,601,1008,620,.,OTHER
3623,3624,1012,601,1037,620,16,OTHER
3641,3645,1117,605,1171,620,James,OTHER
3647,3650,1184,606,1231,621,Mews,OTHER
3653,3654,15,652,43,670,MI,OTHER
3670,3679,132,651,270,672,902-89-543,OTHER
3699,3703,347,652,416,672,86479,OTHER
3705,3705,419,651,428,671,.,OTHER
3707,3708,431,651,457,671,19,OTHER
3729,3732,540,652,594,672,7982,OTHER
3734,3734,598,652,607,671,.,OTHER
3736,3737,611,651,635,671,78,OTHER
3749,3754,725,651,808,672,149554,OTHER
3756,3756,811,651,820,671,.,OTHER
3758,3759,823,650,848,671,23,OTHER
3782,3787,928,652,1009,673,26195.,OTHER
3789,3789,1013,652,1024,672,1,OTHER
3808,3812,1112,658,1164,672,Susan,OTHER
3814,3818,1178,658,1232,673,Green,OTHER
3839,3842,139,684,206,708,Wage,OTHER
3844,3846,211,684,257,708,and,OTHER
3848,3850,265,684,303,708,Tax,OTHER
3898,3901,550,688,694,739,2018,taxYear
3941,3950,863,689,946,707,Department,OTHER
3952,3953,949,690,963,707,of,OTHER
3955,3957,966,690,989,707,the,OTHER
3959,3976,992,690,1111,708,Treasury--Internal,OTHER
3978,3984,1114,691,1177,708,Revenue,OTHER
3986,3992,1180,691,1235,707,Service,OTHER
3994,3997,3,724,37,739,Form,OTHER
3999,4001,47,723,73,739,W-2,OTHER
4013,4021,141,715,255,738,Statement,OTHER
4023,4026,5,746,48,764,Copy,OTHER
4028,4032,51,746,97,765,B--To,OTHER
4034,4035,100,746,122,765,Be,OTHER
4037,4041,125,746,164,765,Filed,OTHER
4043,4046,167,746,202,765,with,OTHER
4048,4057,205,746,296,765,Employee's,OTHER
4059,4065,299,746,378,765,FEDERAL,OTHER
4067,4069,384,746,411,764,Tax,OTHER
4071,4076,415,746,470,764,Return,OTHER
4078,4081,5,770,35,786,This,OTHER
4083,4093,38,769,121,786,information,OTHER
4095,4096,124,769,139,786,is,OTHER
4098,4102,142,769,184,786,being,OTHER
4104,4112,187,769,257,786,furnished,OTHER
4114,4115,260,769,275,786,to,OTHER
4117,4119,278,769,302,786,the,OTHER
4121,4128,305,769,361,786,Internal,OTHER
4130,4136,364,769,430,786,Revenue,OTHER
4138,4145,434,769,492,786,Service.,OTHER
